[
    {
        "name": "RAJARSI SAHA",
        "qualification": "B.Sc.",
        "designation": "Research Scholars : \u20b9 1000\/-",
        "address": "85, NEOGIPARA ROAD,, BLOCK - D, FLAT - 4A,, KOLKATA, WEST BENGAL, 700036, India",
        "email": "rajarsi1997@gmail.com",
        "phone": "9108910742101",
        "intend": "Poster presentation",
        "accomodation": "University Guest House\/Hostels : \u20b9 300",
        "amount": "1300",
        "orderid": "order_zbBRpxY94BBKsl"
    }
]